{
	"publishedfileid": "2147631402",
	"contentfolder": "",
	"previewfile": "NCOWorkshopPreview.png",
	"visibility": 2,
	"title": "[TD] \ud83d\udee0New Construction Options\ud83d\udee0 (RULES.INI \ud83d\udcc3 & Lua Scripting \u2699)",
	"description": "[h1]\ud83d\udee0New Construction Options\ud83d\udee0[/h1]\n\nThis mod provides an extensive RULES.INI file for Tiberian Dawn & Lua event scripting.\n\nUnfortunately only one dll mod can run at a time, I aim to fix that problem by providing rules and a scripting API. Simply write your mod using this interface instead of editing the source code directly. \n\nEver wanted gunboats that can cloak and shoot laser beams\u2753\u2753\u2753\nHow about capturing a Obelisk with an Engineer\u2753\u2753\u2753\nBuilding Temple of Nod as GDI\u2753\u2753\u2753\n\n[b]You can do all this and more:[/b]\n\n[list]\n[*] Set indivual rules for:\n  [*] Aircraft\n  [*] Infantry\n  [*] Units\n  [*] Buildings\n[*] Turn off single player constraints, for example:\n  [*] Nod can't build APCs\n  [*] GDI can't build Sandbags until late in the game\n[*] Control superweapon logic (only Nukes for now)\n[*] Additional rules for cheats and debug options\n[/list]\n\n[i]More rules are planned: all superweapons, change graphics, load additional mix files [/i]\n\n[b]Lua Scripting support:[/b]\n\n[img]https://upload.wikimedia.org/wikipedia/commons/thumb/c/cf/Lua-Logo.svg/947px-Lua-Logo.svg.png[/img]\n\n[list]\n[*] Lua 5.3 support\n[*] Run your scripts when game events happen\n[*] Get/set rules\n[/list]\n\nCurrently only one game event has been added:\n\n[list]\n[*] On Scenario Load - onScenarioLoad\n  [*] Use case: set different rules for different missions, or add a special rule for a given mission\n[/list]\n\n[i]Many more are planned: onPlayerWin, onPlayerLose, on [/i]\n",
	"metadata": "",
	"tags": [
		"TiberianDawnMod",
		"TD"
	]
}